<?xml version="1.0" encoding="UTF-8"?><rss version="2.0"
	xmlns:content="http://purl.org/rss/1.0/modules/content/"
	xmlns:dc="http://purl.org/dc/elements/1.1/"
	xmlns:atom="http://www.w3.org/2005/Atom"
	xmlns:sy="http://purl.org/rss/1.0/modules/syndication/"
	
	>
<channel>
	<title>
	Commenti a: Scrivania produttiva	</title>
	<atom:link href="http://localhost/esercitazione0603/product/green-lemon/feed/?simply_static_page=457" rel="self" type="application/rss+xml" />
	<link>/product/green-lemon/?utm_source=rss#038;utm_medium=rss&#038;utm_campaign=green-lemon</link>
	<description>Casa è dove sai sorridere</description>
	<lastBuildDate>Fri, 03 Mar 2023 15:17:17 +0000</lastBuildDate>
	<sy:updatePeriod>
	hourly	</sy:updatePeriod>
	<sy:updateFrequency>
	1	</sy:updateFrequency>
	<generator>https://wordpress.org/?v=6.1.1</generator>
</channel>
</rss>
