<?xml version="1.0" encoding="UTF-8"?><rss version="2.0"
	xmlns:content="http://purl.org/rss/1.0/modules/content/"
	xmlns:dc="http://purl.org/dc/elements/1.1/"
	xmlns:atom="http://www.w3.org/2005/Atom"
	xmlns:sy="http://purl.org/rss/1.0/modules/syndication/"
	
	>
<channel>
	<title>
	Commenti a: 100 Ways to be More Happy	</title>
	<atom:link href="http://localhost/esercitazione0603/2017/05/24/100-ways-to-be-more-sexy/feed/?simply_static_page=278" rel="self" type="application/rss+xml" />
	<link>/2017/05/24/100-ways-to-be-more-sexy/?utm_source=rss#038;utm_medium=rss&#038;utm_campaign=100-ways-to-be-more-sexy</link>
	<description>Casa è dove sai sorridere</description>
	<lastBuildDate>Wed, 24 May 2017 14:36:50 +0000</lastBuildDate>
	<sy:updatePeriod>
	hourly	</sy:updatePeriod>
	<sy:updateFrequency>
	1	</sy:updateFrequency>
	<generator>https://wordpress.org/?v=6.1.1</generator>
	<item>
		<title>
		Di: Olga		</title>
		<link>/2017/05/24/100-ways-to-be-more-sexy/#comment-22</link>

		<dc:creator><![CDATA[Olga]]></dc:creator>
		<pubDate>Wed, 24 May 2017 14:36:50 +0000</pubDate>
		<guid isPermaLink="false">http://belinni.pixel-show.com/?p=359#comment-22</guid>

					<description><![CDATA[Rerum interdum amet nam in, sed dui, varius tortor sed mi maecenas commodo...]]></description>
			<content:encoded><![CDATA[<p>Rerum interdum amet nam in, sed dui, varius tortor sed mi maecenas commodo&#8230;</p>
]]></content:encoded>
		
			</item>
	</channel>
</rss>
