<?xml version="1.0" encoding="UTF-8"?><rss version="2.0"
	xmlns:content="http://purl.org/rss/1.0/modules/content/"
	xmlns:dc="http://purl.org/dc/elements/1.1/"
	xmlns:atom="http://www.w3.org/2005/Atom"
	xmlns:sy="http://purl.org/rss/1.0/modules/syndication/"
	
	>
<channel>
	<title>
	Commenti a: Casa Faller è 70 anni di storia, di famiglia, di cultura del design, di prodotti industriali, di materiali nuovi e tecnologie innovative	</title>
	<atom:link href="http://localhost/esercitazione0603/2017/05/24/more-than-just-a-hobby-is-locked-more-than-just-a-hobby/feed/?simply_static_page=266" rel="self" type="application/rss+xml" />
	<link>/2017/05/24/more-than-just-a-hobby-is-locked-more-than-just-a-hobby/?utm_source=rss#038;utm_medium=rss&#038;utm_campaign=more-than-just-a-hobby-is-locked-more-than-just-a-hobby</link>
	<description>Casa è dove sai sorridere</description>
	<lastBuildDate>Fri, 03 Mar 2023 14:28:14 +0000</lastBuildDate>
	<sy:updatePeriod>
	hourly	</sy:updatePeriod>
	<sy:updateFrequency>
	1	</sy:updateFrequency>
	<generator>https://wordpress.org/?v=6.1.1</generator>
	<item>
		<title>
		Di: Milena		</title>
		<link>/2017/05/24/more-than-just-a-hobby-is-locked-more-than-just-a-hobby/#comment-21</link>

		<dc:creator><![CDATA[Milena]]></dc:creator>
		<pubDate>Wed, 24 May 2017 14:35:58 +0000</pubDate>
		<guid isPermaLink="false">http://belinni.pixel-show.com/?p=355#comment-21</guid>

					<description><![CDATA[I hear the buzz of the little world among the stalks, and grow familiar with the countless indescribable forms of the insects and flies, then I feel the presence of the Almighty, who formed us in his own image, and the breath.]]></description>
			<content:encoded><![CDATA[<p>I hear the buzz of the little world among the stalks, and grow familiar with the countless indescribable forms of the insects and flies, then I feel the presence of the Almighty, who formed us in his own image, and the breath.</p>
]]></content:encoded>
		
			</item>
	</channel>
</rss>
