<?xml version="1.0" encoding="UTF-8"?><rss version="2.0"
	xmlns:content="http://purl.org/rss/1.0/modules/content/"
	xmlns:dc="http://purl.org/dc/elements/1.1/"
	xmlns:atom="http://www.w3.org/2005/Atom"
	xmlns:sy="http://purl.org/rss/1.0/modules/syndication/"
	
	>
<channel>
	<title>
	Commenti a: Grey matter: the sculpture-inspired paintings	</title>
	<atom:link href="http://localhost/esercitazione0603/2017/05/24/grey-matter-the-sculpture-inspired-paintings/feed/?simply_static_page=271" rel="self" type="application/rss+xml" />
	<link>/2017/05/24/grey-matter-the-sculpture-inspired-paintings/?utm_source=rss#038;utm_medium=rss&#038;utm_campaign=grey-matter-the-sculpture-inspired-paintings</link>
	<description>Casa è dove sai sorridere</description>
	<lastBuildDate>Wed, 24 May 2017 14:31:41 +0000</lastBuildDate>
	<sy:updatePeriod>
	hourly	</sy:updatePeriod>
	<sy:updateFrequency>
	1	</sy:updateFrequency>
	<generator>https://wordpress.org/?v=6.1.1</generator>
	<item>
		<title>
		Di: Mike		</title>
		<link>/2017/05/24/grey-matter-the-sculpture-inspired-paintings/#comment-23</link>

		<dc:creator><![CDATA[Mike]]></dc:creator>
		<pubDate>Wed, 24 May 2017 14:31:41 +0000</pubDate>
		<guid isPermaLink="false">http://belinni.pixel-show.com/?p=361#comment-23</guid>

					<description><![CDATA[Like this.]]></description>
			<content:encoded><![CDATA[<p>Like this.</p>
]]></content:encoded>
		
			</item>
	</channel>
</rss>
