<?xml version="1.0" encoding="UTF-8"?><rss version="2.0"
	xmlns:content="http://purl.org/rss/1.0/modules/content/"
	xmlns:dc="http://purl.org/dc/elements/1.1/"
	xmlns:atom="http://www.w3.org/2005/Atom"
	xmlns:sy="http://purl.org/rss/1.0/modules/syndication/"
	
	>
<channel>
	<title>
	Commenti per Casa Faller	</title>
	<atom:link href="http://localhost/esercitazione0603/comments/feed/?simply_static_page=45" rel="self" type="application/rss+xml" />
	<link></link>
	<description>Casa è dove sai sorridere</description>
	<lastBuildDate>Fri, 03 Mar 2023 15:21:15 +0000</lastBuildDate>
	<sy:updatePeriod>
	hourly	</sy:updatePeriod>
	<sy:updateFrequency>
	1	</sy:updateFrequency>
	<generator>https://wordpress.org/?v=6.1.1</generator>
	<item>
		<title>
		Commenti su Ma un bel divano di cristallo? di Anastasia		</title>
		<link>/2017/05/24/more-than-just-a-hobby/#comment-20</link>

		<dc:creator><![CDATA[Anastasia]]></dc:creator>
		<pubDate>Wed, 24 May 2017 14:38:18 +0000</pubDate>
		<guid isPermaLink="false">http://belinni.pixel-show.com/?p=345#comment-20</guid>

					<description><![CDATA[Nunc donec, dictum suspendisse consectetuer]]></description>
			<content:encoded><![CDATA[<p>Nunc donec, dictum suspendisse consectetuer</p>
]]></content:encoded>
		
			</item>
		<item>
		<title>
		Commenti su 100 Ways to be More Happy di Olga		</title>
		<link>/2017/05/24/100-ways-to-be-more-sexy/#comment-22</link>

		<dc:creator><![CDATA[Olga]]></dc:creator>
		<pubDate>Wed, 24 May 2017 14:36:50 +0000</pubDate>
		<guid isPermaLink="false">http://belinni.pixel-show.com/?p=359#comment-22</guid>

					<description><![CDATA[Rerum interdum amet nam in, sed dui, varius tortor sed mi maecenas commodo...]]></description>
			<content:encoded><![CDATA[<p>Rerum interdum amet nam in, sed dui, varius tortor sed mi maecenas commodo&#8230;</p>
]]></content:encoded>
		
			</item>
		<item>
		<title>
		Commenti su Casa Faller è 70 anni di storia, di famiglia, di cultura del design, di prodotti industriali, di materiali nuovi e tecnologie innovative di Milena		</title>
		<link>/2017/05/24/more-than-just-a-hobby-is-locked-more-than-just-a-hobby/#comment-21</link>

		<dc:creator><![CDATA[Milena]]></dc:creator>
		<pubDate>Wed, 24 May 2017 14:35:58 +0000</pubDate>
		<guid isPermaLink="false">http://belinni.pixel-show.com/?p=355#comment-21</guid>

					<description><![CDATA[I hear the buzz of the little world among the stalks, and grow familiar with the countless indescribable forms of the insects and flies, then I feel the presence of the Almighty, who formed us in his own image, and the breath.]]></description>
			<content:encoded><![CDATA[<p>I hear the buzz of the little world among the stalks, and grow familiar with the countless indescribable forms of the insects and flies, then I feel the presence of the Almighty, who formed us in his own image, and the breath.</p>
]]></content:encoded>
		
			</item>
		<item>
		<title>
		Commenti su Grey matter: the sculpture-inspired paintings di Mike		</title>
		<link>/2017/05/24/grey-matter-the-sculpture-inspired-paintings/#comment-23</link>

		<dc:creator><![CDATA[Mike]]></dc:creator>
		<pubDate>Wed, 24 May 2017 14:31:41 +0000</pubDate>
		<guid isPermaLink="false">http://belinni.pixel-show.com/?p=361#comment-23</guid>

					<description><![CDATA[Like this.]]></description>
			<content:encoded><![CDATA[<p>Like this.</p>
]]></content:encoded>
		
			</item>
		<item>
		<title>
		Commenti su 3 Ways to Improve Transparency on Grailed di Megan		</title>
		<link>/2017/05/20/3-ways-to-improve-transparency-on-grailed/#comment-4</link>

		<dc:creator><![CDATA[Megan]]></dc:creator>
		<pubDate>Wed, 24 May 2017 14:31:18 +0000</pubDate>
		<guid isPermaLink="false">http://belinni.pixel-show.com/?p=143#comment-4</guid>

					<description><![CDATA[Cool!]]></description>
			<content:encoded><![CDATA[<p>Cool!</p>
]]></content:encoded>
		
			</item>
		<item>
		<title>
		Commenti su Dove accade la magia di Viktoria		</title>
		<link>/product/beautiful-backpack/#comment-29</link>

		<dc:creator><![CDATA[Viktoria]]></dc:creator>
		<pubDate>Wed, 24 May 2017 12:59:45 +0000</pubDate>
		<guid isPermaLink="false">http://belinni.pixel-show.com/?post_type=product&#038;p=404#comment-29</guid>

					<description><![CDATA[Cras eleifend ipsum, nullam felis mattis orci viverra orci, elit enim ornare non vitae tortor duis, nulla vitae a est quam lacus. Mi maecenas sollicitudin nulla vestibulum et wisi, ac semper nibh at. Rerum interdum amet nam in, sed dui, varius tortor sed mi maecenas commodo, fringilla phasellus amet diam elementum, erat eu lacus. Augue scelerisque, erat curae varius sapien eget. Duis aliquet.]]></description>
			<content:encoded><![CDATA[<p>Cras eleifend ipsum, nullam felis mattis orci viverra orci, elit enim ornare non vitae tortor duis, nulla vitae a est quam lacus. Mi maecenas sollicitudin nulla vestibulum et wisi, ac semper nibh at. Rerum interdum amet nam in, sed dui, varius tortor sed mi maecenas commodo, fringilla phasellus amet diam elementum, erat eu lacus. Augue scelerisque, erat curae varius sapien eget. Duis aliquet.</p>
]]></content:encoded>
		
			</item>
		<item>
		<title>
		Commenti su Tavolino arcobaleno di Stefani		</title>
		<link>/product/fresh-mango/#comment-26</link>

		<dc:creator><![CDATA[Stefani]]></dc:creator>
		<pubDate>Wed, 24 May 2017 12:58:35 +0000</pubDate>
		<guid isPermaLink="false">http://belinni.pixel-show.com/?post_type=product&#038;p=401#comment-26</guid>

					<description><![CDATA[I love this mango.]]></description>
			<content:encoded><![CDATA[<p>I love this mango.</p>
]]></content:encoded>
		
			</item>
		<item>
		<title>
		Commenti su Specchio d&#8217;amore di Olivia		</title>
		<link>/product/stylish-%d1%81actus/#comment-31</link>

		<dc:creator><![CDATA[Olivia]]></dc:creator>
		<pubDate>Wed, 24 May 2017 12:57:31 +0000</pubDate>
		<guid isPermaLink="false">http://belinni.pixel-show.com/?post_type=product&#038;p=406#comment-31</guid>

					<description><![CDATA[This comment is very important.]]></description>
			<content:encoded><![CDATA[<p>This comment is very important.</p>
]]></content:encoded>
		
			</item>
		<item>
		<title>
		Commenti su The Art of Being Too Creative For Your Own Good di Robert		</title>
		<link>/2017/05/20/the-art-of-being-too-creative-for-your-own-good/#comment-3</link>

		<dc:creator><![CDATA[Robert]]></dc:creator>
		<pubDate>Tue, 23 May 2017 20:14:09 +0000</pubDate>
		<guid isPermaLink="false">http://belinni.pixel-show.com/?p=115#comment-3</guid>

					<description><![CDATA[Hi, Azalea! Great blog.]]></description>
			<content:encoded><![CDATA[<p>Hi, Azalea! Great blog.</p>
]]></content:encoded>
		
			</item>
		<item>
		<title>
		Commenti su A Better Way to Compare Yourself di Azalea Ronkowski		</title>
		<link>/2017/05/20/a-better-way-to-compare-yourself/#comment-2</link>

		<dc:creator><![CDATA[Azalea Ronkowski]]></dc:creator>
		<pubDate>Sun, 21 May 2017 16:37:33 +0000</pubDate>
		<guid isPermaLink="false">http://belinni.pixel-show.com/?p=96#comment-2</guid>

					<description><![CDATA[Hello!]]></description>
			<content:encoded><![CDATA[<p>Hello!</p>
]]></content:encoded>
		
			</item>
	</channel>
</rss>
