<?xml version="1.0" encoding="UTF-8"?><rss version="2.0"
	xmlns:content="http://purl.org/rss/1.0/modules/content/"
	xmlns:dc="http://purl.org/dc/elements/1.1/"
	xmlns:atom="http://www.w3.org/2005/Atom"
	xmlns:sy="http://purl.org/rss/1.0/modules/syndication/"
	
	>
<channel>
	<title>
	Commenti a: 100 Ways to be More Creative	</title>
	<atom:link href="http://localhost/esercitazione0603/2017/05/23/100-ways-to-be-more-creative/feed/?simply_static_page=293" rel="self" type="application/rss+xml" />
	<link>/2017/05/23/100-ways-to-be-more-creative/?utm_source=rss#038;utm_medium=rss&#038;utm_campaign=100-ways-to-be-more-creative</link>
	<description>Casa è dove sai sorridere</description>
	<lastBuildDate>Tue, 23 May 2017 14:32:21 +0000</lastBuildDate>
	<sy:updatePeriod>
	hourly	</sy:updatePeriod>
	<sy:updateFrequency>
	1	</sy:updateFrequency>
	<generator>https://wordpress.org/?v=6.1.1</generator>
</channel>
</rss>
