<?xml version="1.0" encoding="UTF-8"?><rss version="2.0"
	xmlns:content="http://purl.org/rss/1.0/modules/content/"
	xmlns:wfw="http://wellformedweb.org/CommentAPI/"
	xmlns:dc="http://purl.org/dc/elements/1.1/"
	xmlns:atom="http://www.w3.org/2005/Atom"
	xmlns:sy="http://purl.org/rss/1.0/modules/syndication/"
	xmlns:slash="http://purl.org/rss/1.0/modules/slash/"
	>

<channel>
	<title>Best Archivi | Casa Faller</title>
	<atom:link href="http://localhost/esercitazione0603/tag/best/feed/?simply_static_page=492" rel="self" type="application/rss+xml" />
	<link></link>
	<description>Casa è dove sai sorridere</description>
	<lastBuildDate>Wed, 24 May 2017 07:16:33 +0000</lastBuildDate>
	<language>it-IT</language>
	<sy:updatePeriod>
	hourly	</sy:updatePeriod>
	<sy:updateFrequency>
	1	</sy:updateFrequency>
	<generator>https://wordpress.org/?v=6.1.1</generator>

<image>
	<url>/wp-content/uploads/2023/03/cropped-Rame-Casa-Stile-di-Vita-Logo-32x32.png</url>
	<title>Best Archivi | Casa Faller</title>
	<link></link>
	<width>32</width>
	<height>32</height>
</image> 
	<item>
		<title>50 of the best blogs for graphic design inspiration</title>
		<link>/2017/05/24/50-of-the-best-blogs-for-graphic-design-inspiration/?utm_source=rss#038;utm_medium=rss&#038;utm_campaign=50-of-the-best-blogs-for-graphic-design-inspiration</link>
					<comments>/2017/05/24/50-of-the-best-blogs-for-graphic-design-inspiration/#respond</comments>
		
		<dc:creator><![CDATA[jen]]></dc:creator>
		<pubDate>Wed, 24 May 2017 07:16:33 +0000</pubDate>
				<category><![CDATA[Products]]></category>
		<category><![CDATA[Best]]></category>
		<category><![CDATA[blogs]]></category>
		<guid isPermaLink="false">http://belinni.pixel-show.com/?p=349</guid>

					<description><![CDATA[<p>Augue scelerisque, erat curae varius sapien eget. Duis aliquet. A wonderful serenity has taken possession of my entire soul, like these sweet mornings of spring which I enjoy with my whole heart. I am alone, and feel the charm of existence in this spot, which was created for the bliss of souls like mine. Your work is going to fill a large part of your life, and the only way to be truly satisfied is to do what you believe is great work. And the only way to do great work is to love what you do. If you haven&#8217;t found it yet, keep looking. Don&#8217;t settle. As with all matters of the heart, you&#8217;ll know when you find it. Steve Jobs I am so happy, my dear friend, so absorbed in the exquisite sense of mere tranquil existence, that I neglect my talents. I should be incapable of drawing a single stroke at the present moment; and yet I feel that I never was a greater artist than now. 1. Image with Caption A wonderful serenity has taken possession of my entire soul, like these sweet mornings of spring which I enjoy with my whole heart. I am alone, [&#8230;]</p>
<p>L'articolo <a rel="nofollow" href="/2017/05/24/50-of-the-best-blogs-for-graphic-design-inspiration/">50 of the best blogs for graphic design inspiration</a> proviene da <a rel="nofollow" href="">Casa Faller</a>.</p>
]]></description>
										<content:encoded><![CDATA[<p>Augue scelerisque, erat curae varius sapien eget. Duis aliquet. A wonderful serenity has taken possession of my entire soul, like these sweet mornings of spring which I enjoy with my whole heart. I am alone, and feel the charm of existence in this spot, which was created for the bliss of souls like mine.</p>
<blockquote><p>Your work is going to fill a large part of your life, and the only way to be truly satisfied is to do what you believe is great work. And the only way to do great work is to love what you do. If you haven&#8217;t found it yet, keep looking. Don&#8217;t settle. As with all matters of the heart, you&#8217;ll know when you find it.</p>
<p><cite>Steve Jobs</cite></p></blockquote>
<p>I am so happy, my dear friend, so absorbed in the exquisite sense of mere tranquil existence, that I neglect my talents. I should be incapable of drawing a single stroke at the present moment; and yet I feel that I never was a greater artist than now.</p>
<h2>1. Image with Caption</h2>
<p>A wonderful serenity has taken possession of my entire soul, like these sweet mornings of spring which I enjoy with my whole heart. I am alone, and feel the charm of existence in this spot, which was created for the bliss of souls like mine.</p>
<p><img decoding="async" class="alignnone size-medium wp-image-260" src="http://belinni.pixel-show.com/wp-content/uploads/2017/05/snapbythree-my-15563-min-780x520.jpg" alt="" width="780" height="520" /></p>
<h2>2. Gallery</h2>
<p>I am so happy, my dear friend, so absorbed in the exquisite sense of mere tranquil existence, that I neglect my talents. I should be incapable of drawing a single stroke at the present moment; and yet I feel that I never was a greater artist than now.</p>

<a title="michal-grosicki-207680-min" href='/wp-content/uploads/2017/05/michal-grosicki-207680-min.jpg'><img width="300" height="200" src="/wp-content/uploads/2017/05/michal-grosicki-207680-min-300x200.jpg" class="attachment-medium size-medium" alt="" decoding="async" srcset="/wp-content/uploads/2017/05/michal-grosicki-207680-min-300x200.jpg 300w, /wp-content/uploads/2017/05/michal-grosicki-207680-min-600x400.jpg 600w, /wp-content/uploads/2017/05/michal-grosicki-207680-min-1024x683.jpg 1024w, /wp-content/uploads/2017/05/michal-grosicki-207680-min-768x512.jpg 768w, /wp-content/uploads/2017/05/michal-grosicki-207680-min-550x367.jpg 550w, /wp-content/uploads/2017/05/michal-grosicki-207680-min.jpg 1140w" sizes="(max-width: 300px) 100vw, 300px" /></a>
<a title="pineapple-supply-co-224098-min" href='/wp-content/uploads/2017/05/pineapple-supply-co-224098-min.jpg'><img width="300" height="200" src="/wp-content/uploads/2017/05/pineapple-supply-co-224098-min-300x200.jpg" class="attachment-medium size-medium" alt="" decoding="async" srcset="/wp-content/uploads/2017/05/pineapple-supply-co-224098-min-300x200.jpg 300w, /wp-content/uploads/2017/05/pineapple-supply-co-224098-min-600x400.jpg 600w, /wp-content/uploads/2017/05/pineapple-supply-co-224098-min-1024x683.jpg 1024w, /wp-content/uploads/2017/05/pineapple-supply-co-224098-min-768x512.jpg 768w, /wp-content/uploads/2017/05/pineapple-supply-co-224098-min-550x367.jpg 550w, /wp-content/uploads/2017/05/pineapple-supply-co-224098-min.jpg 1140w" sizes="(max-width: 300px) 100vw, 300px" /></a>
<a title="joanna-kosinska-255355-min" href='/wp-content/uploads/2017/05/joanna-kosinska-255355-min.jpg'><img width="300" height="200" src="/wp-content/uploads/2017/05/joanna-kosinska-255355-min-300x200.jpg" class="attachment-medium size-medium" alt="" decoding="async" srcset="/wp-content/uploads/2017/05/joanna-kosinska-255355-min-300x200.jpg 300w, /wp-content/uploads/2017/05/joanna-kosinska-255355-min-600x401.jpg 600w, /wp-content/uploads/2017/05/joanna-kosinska-255355-min-1024x684.jpg 1024w, /wp-content/uploads/2017/05/joanna-kosinska-255355-min-768x513.jpg 768w, /wp-content/uploads/2017/05/joanna-kosinska-255355-min-550x367.jpg 550w, /wp-content/uploads/2017/05/joanna-kosinska-255355-min.jpg 1140w" sizes="(max-width: 300px) 100vw, 300px" /></a>
<a title="maarten-deckers-227224-min" href='/wp-content/uploads/2017/05/maarten-deckers-227224-min.jpg'><img width="300" height="200" src="/wp-content/uploads/2017/05/maarten-deckers-227224-min-300x200.jpg" class="attachment-medium size-medium" alt="" decoding="async" srcset="/wp-content/uploads/2017/05/maarten-deckers-227224-min-300x200.jpg 300w, /wp-content/uploads/2017/05/maarten-deckers-227224-min-600x400.jpg 600w, /wp-content/uploads/2017/05/maarten-deckers-227224-min-1024x683.jpg 1024w, /wp-content/uploads/2017/05/maarten-deckers-227224-min-768x512.jpg 768w, /wp-content/uploads/2017/05/maarten-deckers-227224-min-550x367.jpg 550w, /wp-content/uploads/2017/05/maarten-deckers-227224-min.jpg 1140w" sizes="(max-width: 300px) 100vw, 300px" /></a>
<a title="jill-heyer-247995-min" href='/wp-content/uploads/2017/05/jill-heyer-247995-min.jpg'><img width="300" height="200" src="/wp-content/uploads/2017/05/jill-heyer-247995-min-300x200.jpg" class="attachment-medium size-medium" alt="" decoding="async" srcset="/wp-content/uploads/2017/05/jill-heyer-247995-min-300x200.jpg 300w, /wp-content/uploads/2017/05/jill-heyer-247995-min-600x400.jpg 600w, /wp-content/uploads/2017/05/jill-heyer-247995-min-1024x683.jpg 1024w, /wp-content/uploads/2017/05/jill-heyer-247995-min-768x512.jpg 768w, /wp-content/uploads/2017/05/jill-heyer-247995-min-550x367.jpg 550w, /wp-content/uploads/2017/05/jill-heyer-247995-min.jpg 1140w" sizes="(max-width: 300px) 100vw, 300px" /></a>
<a title="scott-webb-252052-min" href='/wp-content/uploads/2017/05/scott-webb-252052-min.jpg'><img width="300" height="200" src="/wp-content/uploads/2017/05/scott-webb-252052-min-300x200.jpg" class="attachment-medium size-medium" alt="" decoding="async" srcset="/wp-content/uploads/2017/05/scott-webb-252052-min-300x200.jpg 300w, /wp-content/uploads/2017/05/scott-webb-252052-min-600x400.jpg 600w, /wp-content/uploads/2017/05/scott-webb-252052-min-1024x683.jpg 1024w, /wp-content/uploads/2017/05/scott-webb-252052-min-768x512.jpg 768w, /wp-content/uploads/2017/05/scott-webb-252052-min-550x367.jpg 550w, /wp-content/uploads/2017/05/scott-webb-252052-min.jpg 1140w" sizes="(max-width: 300px) 100vw, 300px" /></a>

<h2>3. Vimeo</h2>
<p>When, while the lovely valley teems with vapour around me, and the meridian sun strikes the upper surface of the impenetrable foliage of my trees, and but a few stray gleams steal into the inner sanctuary, I throw myself down among the tall grass by the trickling stream; and, as I lie close to the earth, a thousand unknown plants are noticed by me.</p>
<p><iframe src="https://player.vimeo.com/video/17203320" width="640" height="360" frameborder="0" allowfullscreen="allowfullscreen"></iframe></p>
<p><a href="https://vimeo.com/17203320">Fashion Show with Google</a> from <a href="https://vimeo.com/robbinwaldemar">Robbin Waldemar</a> on <a href="https://vimeo.com/">Vimeo</a>.</p>
<h2>5. Giphy Embed</h2>
<p>I am so happy, my dear friend, so absorbed in the exquisite sense of mere tranquil existence, that I neglect my talents. I should be incapable of drawing a single stroke at the present moment; and yet I feel that I never was a greater artist than now.</p>
<div style="width: 100%; height: 0; padding-bottom: 65%; position: relative;"><iframe class="giphy-embed" style="position: absolute;" src="https://giphy.com/embed/8087BPwFoZY0o" width="100%" height="100%" frameborder="0" allowfullscreen="allowfullscreen"></iframe></div>
<h2></h2>
<h2>4. Gif</h2>
<p>Oh, would I could describe these conceptions, could impress upon paper all that is living so full and warm within me, that it might be the mirror of my soul, as my soul is the mirror of the infinite God! O my friend &#8212; but it is too much for my strength &#8211; I sink under the weight of the splendour of these visions!</p>
<p><img decoding="async" class="alignnone wp-image-307" src="http://belinni.pixel-show.com/wp-content/uploads/2017/05/source-1-520x520.gif" alt="" width="780" height="780" /></p>
<h2>6. Instagram Embed</h2>
<p>I hear the buzz of the little world among the stalks, and grow familiar with the countless indescribable forms of the insects and flies, then I feel the presence of the Almighty, who formed us in his own image, and the breath.</p>
<blockquote class="instagram-media" style="background: #FFF; border: 0; border-radius: 3px; box-shadow: 0 0 1px 0 rgba(0,0,0,0.5),0 1px 10px 0 rgba(0,0,0,0.15); margin: 1px; max-width: 658px; padding: 0; width: calc(100% - 2px);" data-instgrm-version="7">
<div style="padding: 8px;">
<div style="background: #F8F8F8; line-height: 0; margin-top: 40px; padding: 33.33333333333333% 0; text-align: center; width: 100%;"></div>
<p style="color: #c9c8cd; font-family: Arial,sans-serif; font-size: 14px; line-height: 17px; margin-bottom: 0; margin-top: 8px; overflow: hidden; padding: 8px 0 7px; text-align: center; text-overflow: ellipsis; white-space: nowrap;"><a style="color: #c9c8cd; font-family: Arial,sans-serif; font-size: 14px; font-style: normal; font-weight: normal; line-height: 17px; text-decoration: none;" href="https://www.instagram.com/p/BVudheClg5j/" target="_blank" rel="noopener noreferrer">A post shared by @tf_thememinimal</a> on <time style="font-family: Arial,sans-serif; font-size: 14px; line-height: 17px;" datetime="2017-06-24T14:38:34+00:00">Jun 24, 2017 at 7:38am PDT</time></p>
</div>
</blockquote>
<p><script async defer src="//platform.instagram.com/en_US/embeds.js"></script><br />
Maecenas tempus, tellus eget condimentum rhoncus, sem quam semper libero, sit amet adipiscing sem neque sed ipsum. Nam quam nunc, blandit vel, luctus pulvinar, hendrerit id, lorem. Maecenas nec odio et ante tincidunt tempus. Donec vitae sapien ut libero venenatis faucibus. Nullam quis ante. Etiam sit amet orci eget eros faucibus tincidunt. Duis leo. Sed fringilla mauris sit amet nibh. Donec sodales sagittis magna. Sed consequat, leo eget bibendum sodales, augue velit cursus nunc.</p>
<p>L'articolo <a rel="nofollow" href="/2017/05/24/50-of-the-best-blogs-for-graphic-design-inspiration/">50 of the best blogs for graphic design inspiration</a> proviene da <a rel="nofollow" href="">Casa Faller</a>.</p>
]]></content:encoded>
					
					<wfw:commentRss>/2017/05/24/50-of-the-best-blogs-for-graphic-design-inspiration/feed/</wfw:commentRss>
			<slash:comments>0</slash:comments>
		
		
			</item>
	</channel>
</rss>
