<?xml version="1.0" encoding="UTF-8"?><rss version="2.0"
	xmlns:content="http://purl.org/rss/1.0/modules/content/"
	xmlns:dc="http://purl.org/dc/elements/1.1/"
	xmlns:atom="http://www.w3.org/2005/Atom"
	xmlns:sy="http://purl.org/rss/1.0/modules/syndication/"
	
	>
<channel>
	<title>
	Commenti a: A Better Way to Compare Yourself	</title>
	<atom:link href="http://localhost/esercitazione0603/2017/05/20/a-better-way-to-compare-yourself/feed/?simply_static_page=476" rel="self" type="application/rss+xml" />
	<link>/2017/05/20/a-better-way-to-compare-yourself/?utm_source=rss#038;utm_medium=rss&#038;utm_campaign=a-better-way-to-compare-yourself</link>
	<description>Casa è dove sai sorridere</description>
	<lastBuildDate>Sun, 21 May 2017 16:37:33 +0000</lastBuildDate>
	<sy:updatePeriod>
	hourly	</sy:updatePeriod>
	<sy:updateFrequency>
	1	</sy:updateFrequency>
	<generator>https://wordpress.org/?v=6.1.1</generator>
	<item>
		<title>
		Di: Azalea Ronkowski		</title>
		<link>/2017/05/20/a-better-way-to-compare-yourself/#comment-2</link>

		<dc:creator><![CDATA[Azalea Ronkowski]]></dc:creator>
		<pubDate>Sun, 21 May 2017 16:37:33 +0000</pubDate>
		<guid isPermaLink="false">http://belinni.pixel-show.com/?p=96#comment-2</guid>

					<description><![CDATA[Hello!]]></description>
			<content:encoded><![CDATA[<p>Hello!</p>
]]></content:encoded>
		
			</item>
	</channel>
</rss>
