<?xml version="1.0" encoding="UTF-8"?><rss version="2.0"
	xmlns:content="http://purl.org/rss/1.0/modules/content/"
	xmlns:wfw="http://wellformedweb.org/CommentAPI/"
	xmlns:dc="http://purl.org/dc/elements/1.1/"
	xmlns:atom="http://www.w3.org/2005/Atom"
	xmlns:sy="http://purl.org/rss/1.0/modules/syndication/"
	xmlns:slash="http://purl.org/rss/1.0/modules/slash/"
	>

<channel>
	<title>Shop | Casa Faller</title>
	<atom:link href="http://localhost/esercitazione0603/shop/feed/?simply_static_page=438" rel="self" type="application/rss+xml" />
	<link></link>
	<description>Casa è dove sai sorridere</description>
	<lastBuildDate>Fri, 03 Mar 2023 15:21:15 +0000</lastBuildDate>
	<language>it-IT</language>
	<sy:updatePeriod>
	hourly	</sy:updatePeriod>
	<sy:updateFrequency>
	1	</sy:updateFrequency>
	<generator>https://wordpress.org/?v=6.1.1</generator>

<image>
	<url>/wp-content/uploads/2023/03/cropped-Rame-Casa-Stile-di-Vita-Logo-32x32.png</url>
	<title>Shop | Casa Faller</title>
	<link></link>
	<width>32</width>
	<height>32</height>
</image> 
	<item>
		<title>Divano di cristallo rosa</title>
		<link>/product/flowers/?utm_source=rss#038;utm_medium=rss&#038;utm_campaign=flowers</link>
					<comments>/product/flowers/#respond</comments>
		
		<dc:creator><![CDATA[jen]]></dc:creator>
		<pubDate>Wed, 24 May 2017 11:41:39 +0000</pubDate>
				<guid isPermaLink="false">http://belinni.pixel-show.com/?post_type=product&#038;p=408</guid>

					<description><![CDATA[<p><strong>Potenti at sem</strong> sollicitudin nullam nulla eu, in in in pellentesque. Ut sapien convallis velit, hic libero pede. Sed egestas vel, velit in ac sit nam sit tellus. Ante sed sollicitudin fringilla mi vivamus, lorem ligula quam. Varius non aliquet justo massa vehicula, placerat tellus aenean eget et venenatis urna, fringilla dictum integer, donec metus laboris per nec vestibulum curabitur. Cras eleifend ipsum, nullam felis mattis orci viverra orci, elit enim ornare non vitae tortor duis, nulla vitae a est quam lacus. Mi maecenas sollicitudin nulla vestibulum et wisi, ac semper nibh at. Rerum interdum amet nam in, sed dui, varius tortor sed mi maecenas commodo, fringilla phasellus amet diam elementum, erat eu lacus. <strong>Augue scelerisque</strong>, erat curae varius sapien eget. Duis aliquet.</p>
<p>L'articolo <a rel="nofollow" href="/product/flowers/">Divano di cristallo rosa</a> proviene da <a rel="nofollow" href="">Casa Faller</a>.</p>
]]></description>
										<content:encoded><![CDATA[<p>Potenti at sem sollicitudin nullam nulla eu, in in in pellentesque. Ut sapien convallis velit, hic libero pede. Sed egestas vel, velit in ac sit nam sit tellus. Ante sed sollicitudin fringilla mi vivamus, lorem ligula quam. Varius non aliquet justo massa vehicula, placerat tellus aenean eget et venenatis urna, fringilla dictum integer, donec metus laboris per nec vestibulum curabitur. Cras eleifend ipsum, nullam felis mattis orci viverra orci, elit enim ornare non vitae tortor duis, nulla vitae a est quam lacus. Mi maecenas sollicitudin nulla vestibulum et wisi, ac semper nibh at. Rerum interdum amet nam in, sed dui, varius tortor sed mi maecenas commodo, fringilla phasellus amet diam elementum, erat eu lacus. Augue scelerisque, erat curae varius sapien eget. Duis aliquet.</p>
<p>L'articolo <a rel="nofollow" href="/product/flowers/">Divano di cristallo rosa</a> proviene da <a rel="nofollow" href="">Casa Faller</a>.</p>
]]></content:encoded>
					
					<wfw:commentRss>/product/flowers/feed/</wfw:commentRss>
			<slash:comments>0</slash:comments>
		
		
			</item>
		<item>
		<title>Specchio d&#8217;amore</title>
		<link>/product/stylish-%d1%81actus/?utm_source=rss#038;utm_medium=rss&#038;utm_campaign=stylish-%25d1%2581actus</link>
					<comments>/product/stylish-%d1%81actus/#comments</comments>
		
		<dc:creator><![CDATA[jen]]></dc:creator>
		<pubDate>Wed, 24 May 2017 11:40:10 +0000</pubDate>
				<guid isPermaLink="false">http://belinni.pixel-show.com/?post_type=product&#038;p=406</guid>

					<description><![CDATA[<p><strong>Potenti at sem</strong> sollicitudin nullam nulla eu, in in in pellentesque. Ut sapien convallis velit, hic libero pede. Sed egestas vel, velit in ac sit nam sit tellus. Ante sed sollicitudin fringilla mi vivamus, lorem ligula quam. Varius non aliquet justo massa vehicula, placerat tellus aenean eget et venenatis urna, fringilla dictum integer, donec metus laboris per nec vestibulum curabitur. Cras eleifend ipsum, nullam felis mattis orci viverra orci, elit enim ornare non vitae tortor duis, nulla vitae a est quam lacus. Mi maecenas sollicitudin nulla vestibulum et wisi, ac semper nibh at. Rerum interdum amet nam in, sed dui, varius tortor sed mi maecenas commodo, fringilla phasellus amet diam elementum, erat eu lacus. <strong>Augue scelerisque</strong>, erat curae varius sapien eget. Duis aliquet.</p>
<p>L'articolo <a rel="nofollow" href="/product/stylish-%d1%81actus/">Specchio d&#8217;amore</a> proviene da <a rel="nofollow" href="">Casa Faller</a>.</p>
]]></description>
										<content:encoded><![CDATA[<p>Potenti at sem sollicitudin nullam nulla eu, in in in pellentesque. Ut sapien convallis velit, hic libero pede. Sed egestas vel, velit in ac sit nam sit tellus. Ante sed sollicitudin fringilla mi vivamus, lorem ligula quam. Varius non aliquet justo massa vehicula, placerat tellus aenean eget et venenatis urna, fringilla dictum integer, donec metus laboris per nec vestibulum curabitur. Cras eleifend ipsum, nullam felis mattis orci viverra orci, elit enim ornare non vitae tortor duis, nulla vitae a est quam lacus. Mi maecenas sollicitudin nulla vestibulum et wisi, ac semper nibh at. Rerum interdum amet nam in, sed dui, varius tortor sed mi maecenas commodo, fringilla phasellus amet diam elementum, erat eu lacus. Augue scelerisque, erat curae varius sapien eget. Duis aliquet.</p>
<p>L'articolo <a rel="nofollow" href="/product/stylish-%d1%81actus/">Specchio d&#8217;amore</a> proviene da <a rel="nofollow" href="">Casa Faller</a>.</p>
]]></content:encoded>
					
					<wfw:commentRss>/product/stylish-%d1%81actus/feed/</wfw:commentRss>
			<slash:comments>1</slash:comments>
		
		
			</item>
		<item>
		<title>Dove accade la magia</title>
		<link>/product/beautiful-backpack/?utm_source=rss#038;utm_medium=rss&#038;utm_campaign=beautiful-backpack</link>
					<comments>/product/beautiful-backpack/#comments</comments>
		
		<dc:creator><![CDATA[jen]]></dc:creator>
		<pubDate>Wed, 24 May 2017 11:36:02 +0000</pubDate>
				<guid isPermaLink="false">http://belinni.pixel-show.com/?post_type=product&#038;p=404</guid>

					<description><![CDATA[<p><strong>Potenti at sem</strong> sollicitudin nullam nulla eu, in in in pellentesque. Ut sapien convallis velit, hic libero pede. Sed egestas vel, velit in ac sit nam sit tellus. Ante sed sollicitudin fringilla mi vivamus, lorem ligula quam. Varius non aliquet justo massa vehicula, placerat tellus aenean eget et venenatis urna, fringilla dictum integer, donec metus laboris per nec vestibulum curabitur. Cras eleifend ipsum, nullam felis mattis orci viverra orci, elit enim ornare non vitae tortor duis, nulla vitae a est quam lacus. Mi maecenas sollicitudin nulla vestibulum et wisi, ac semper nibh at. Rerum interdum amet nam in, sed dui, varius tortor sed mi maecenas commodo, fringilla phasellus amet diam elementum, erat eu lacus. <strong>Augue scelerisque</strong>, erat curae varius sapien eget. Duis aliquet.</p>
<p>L'articolo <a rel="nofollow" href="/product/beautiful-backpack/">Dove accade la magia</a> proviene da <a rel="nofollow" href="">Casa Faller</a>.</p>
]]></description>
										<content:encoded><![CDATA[<p>Potenti at sem sollicitudin nullam nulla eu, in in in pellentesque. Ut sapien convallis velit, hic libero pede. Sed egestas vel, velit in ac sit nam sit tellus. Ante sed sollicitudin fringilla mi vivamus, lorem ligula quam. Varius non aliquet justo massa vehicula, placerat tellus aenean eget et venenatis urna, fringilla dictum integer, donec metus laboris per nec vestibulum curabitur. Cras eleifend ipsum, nullam felis mattis orci viverra orci, elit enim ornare non vitae tortor duis, nulla vitae a est quam lacus. Mi maecenas sollicitudin nulla vestibulum et wisi, ac semper nibh at. Rerum interdum amet nam in, sed dui, varius tortor sed mi maecenas commodo, fringilla phasellus amet diam elementum, erat eu lacus. Augue scelerisque, erat curae varius sapien eget. Duis aliquet.</p>
<p>L'articolo <a rel="nofollow" href="/product/beautiful-backpack/">Dove accade la magia</a> proviene da <a rel="nofollow" href="">Casa Faller</a>.</p>
]]></content:encoded>
					
					<wfw:commentRss>/product/beautiful-backpack/feed/</wfw:commentRss>
			<slash:comments>1</slash:comments>
		
		
			</item>
		<item>
		<title>Tavolino arcobaleno</title>
		<link>/product/fresh-mango/?utm_source=rss#038;utm_medium=rss&#038;utm_campaign=fresh-mango</link>
					<comments>/product/fresh-mango/#comments</comments>
		
		<dc:creator><![CDATA[jen]]></dc:creator>
		<pubDate>Wed, 24 May 2017 11:30:41 +0000</pubDate>
				<guid isPermaLink="false">http://belinni.pixel-show.com/?post_type=product&#038;p=401</guid>

					<description><![CDATA[<p><strong>Potenti at sem</strong> sollicitudin nullam nulla eu, in in in pellentesque. Ut sapien convallis velit, hic libero pede. Sed egestas vel, velit in ac sit nam sit tellus. Ante sed sollicitudin fringilla mi vivamus, lorem ligula quam. Varius non aliquet justo massa vehicula, placerat tellus aenean eget et venenatis urna, fringilla dictum integer, donec metus laboris per nec vestibulum curabitur. Cras eleifend ipsum, nullam felis mattis orci viverra orci, elit enim ornare non vitae tortor duis, nulla vitae a est quam lacus. Mi maecenas sollicitudin nulla vestibulum et wisi, ac semper nibh at. Rerum interdum amet nam in, sed dui, varius tortor sed mi maecenas commodo, fringilla phasellus amet diam elementum, erat eu lacus. <strong>Augue scelerisque</strong>, erat curae varius sapien eget. Duis aliquet.</p>
<p>L'articolo <a rel="nofollow" href="/product/fresh-mango/">Tavolino arcobaleno</a> proviene da <a rel="nofollow" href="">Casa Faller</a>.</p>
]]></description>
										<content:encoded><![CDATA[<p>Potenti at sem sollicitudin nullam nulla eu, in in in pellentesque. Ut sapien convallis velit, hic libero pede. Sed egestas vel, velit in ac sit nam sit tellus. Ante sed sollicitudin fringilla mi vivamus, lorem ligula quam. Varius non aliquet justo massa vehicula, placerat tellus aenean eget et venenatis urna, fringilla dictum integer, donec metus laboris per nec vestibulum curabitur. Cras eleifend ipsum, nullam felis mattis orci viverra orci, elit enim ornare non vitae tortor duis, nulla vitae a est quam lacus. Mi maecenas sollicitudin nulla vestibulum et wisi, ac semper nibh at. Rerum interdum amet nam in, sed dui, varius tortor sed mi maecenas commodo, fringilla phasellus amet diam elementum, erat eu lacus. Augue scelerisque, erat curae varius sapien eget. Duis aliquet.</p>
<p>L'articolo <a rel="nofollow" href="/product/fresh-mango/">Tavolino arcobaleno</a> proviene da <a rel="nofollow" href="">Casa Faller</a>.</p>
]]></content:encoded>
					
					<wfw:commentRss>/product/fresh-mango/feed/</wfw:commentRss>
			<slash:comments>1</slash:comments>
		
		
			</item>
		<item>
		<title>Scrivania produttiva</title>
		<link>/product/green-lemon/?utm_source=rss#038;utm_medium=rss&#038;utm_campaign=green-lemon</link>
					<comments>/product/green-lemon/#respond</comments>
		
		<dc:creator><![CDATA[jen]]></dc:creator>
		<pubDate>Wed, 24 May 2017 11:27:14 +0000</pubDate>
				<guid isPermaLink="false">http://belinni.pixel-show.com/?post_type=product&#038;p=400</guid>

					<description><![CDATA[<p><strong>Potenti at sem</strong> sollicitudin nullam nulla eu, in in in pellentesque. Ut sapien convallis velit, hic libero pede. Sed egestas vel, velit in ac sit nam sit tellus. Ante sed sollicitudin fringilla mi vivamus, lorem ligula quam. Varius non aliquet justo massa vehicula, placerat tellus aenean eget et venenatis urna, fringilla dictum integer, donec metus laboris per nec vestibulum curabitur. Cras eleifend ipsum, nullam felis mattis orci viverra orci, elit enim ornare non vitae tortor duis, nulla vitae a est quam lacus. Mi maecenas sollicitudin nulla vestibulum et wisi, ac semper nibh at. Rerum interdum amet nam in, sed dui, varius tortor sed mi maecenas commodo, fringilla phasellus amet diam elementum, erat eu lacus. <strong>Augue scelerisque</strong>, erat curae varius sapien eget. Duis aliquet.</p>
<p>L'articolo <a rel="nofollow" href="/product/green-lemon/">Scrivania produttiva</a> proviene da <a rel="nofollow" href="">Casa Faller</a>.</p>
]]></description>
										<content:encoded><![CDATA[<p>Potenti at sem sollicitudin nullam nulla eu, in in in pellentesque. Ut sapien convallis velit, hic libero pede. Sed egestas vel, velit in ac sit nam sit tellus. Ante sed sollicitudin fringilla mi vivamus, lorem ligula quam. Varius non aliquet justo massa vehicula, placerat tellus aenean eget et venenatis urna, fringilla dictum integer, donec metus laboris per nec vestibulum curabitur. Cras eleifend ipsum, nullam felis mattis orci viverra orci, elit enim ornare non vitae tortor duis, nulla vitae a est quam lacus. Mi maecenas sollicitudin nulla vestibulum et wisi, ac semper nibh at. Rerum interdum amet nam in, sed dui, varius tortor sed mi maecenas commodo, fringilla phasellus amet diam elementum, erat eu lacus. Augue scelerisque, erat curae varius sapien eget. Duis aliquet.</p>
<p>L'articolo <a rel="nofollow" href="/product/green-lemon/">Scrivania produttiva</a> proviene da <a rel="nofollow" href="">Casa Faller</a>.</p>
]]></content:encoded>
					
					<wfw:commentRss>/product/green-lemon/feed/</wfw:commentRss>
			<slash:comments>0</slash:comments>
		
		
			</item>
	</channel>
</rss>
