<?xml version="1.0" encoding="UTF-8"?><rss version="2.0"
	xmlns:content="http://purl.org/rss/1.0/modules/content/"
	xmlns:dc="http://purl.org/dc/elements/1.1/"
	xmlns:atom="http://www.w3.org/2005/Atom"
	xmlns:sy="http://purl.org/rss/1.0/modules/syndication/"
	
	>
<channel>
	<title>
	Commenti a: Inspiration	</title>
	<atom:link href="http://localhost/esercitazione0603/about-us/inspiration-casa-unica/feed/?simply_static_page=146" rel="self" type="application/rss+xml" />
	<link></link>
	<description>Casa è dove sai sorridere</description>
	<lastBuildDate>Mon, 06 Mar 2023 16:23:29 +0000</lastBuildDate>
	<sy:updatePeriod>
	hourly	</sy:updatePeriod>
	<sy:updateFrequency>
	1	</sy:updateFrequency>
	<generator>https://wordpress.org/?v=6.1.1</generator>
</channel>
</rss>
